"","V1","V2"
"1","Cell 1",3
"2","Cell 2",1
"3","Cell 3",2
"4","Cell 4",3
"5","Cell 5",2
"6","Cell 6",2
"7","Cell 7",2
"8","Cell 8",2
"9","Cell 9",1
"10","Cell 10",3
"11","Cell 11",1
"12","Cell 12",3
"13","Cell 13",3
"14","Cell 14",3
"15","Cell 15",3
"16","Cell 16",3
"17","Cell 17",1
"18","Cell 18",3
"19","Cell 19",1
"20","Cell 20",3
"21","Cell 21",3
"22","Cell 22",3
"23","Cell 23",3
"24","Cell 24",3
"25","Cell 25",1
"26","Cell 26",2
"27","Cell 27",3
"28","Cell 28",1
"29","Cell 29",1
"30","Cell 30",1
"31","Cell 31",1
"32","Cell 32",3
"33","Cell 33",3
"34","Cell 34",1
"35","Cell 35",3
"36","Cell 36",2
"37","Cell 37",2
"38","Cell 38",2
"39","Cell 39",3
"40","Cell 40",3
"41","Cell 41",1
"42","Cell 42",1
"43","Cell 43",1
"44","Cell 44",3
"45","Cell 45",2
"46","Cell 46",2
"47","Cell 47",1
"48","Cell 48",3
"49","Cell 49",1
"50","Cell 50",1
"51","Cell 51",3
"52","Cell 52",2
"53","Cell 53",2
"54","Cell 54",1
"55","Cell 55",1
"56","Cell 56",3
"57","Cell 57",3
"58","Cell 58",3
"59","Cell 59",3
"60","Cell 60",3
"61","Cell 61",1
"62","Cell 62",3
"63","Cell 63",1
"64","Cell 64",2
"65","Cell 65",2
"66","Cell 66",3
"67","Cell 67",2
"68","Cell 68",3
"69","Cell 69",2
"70","Cell 70",1
"71","Cell 71",2
"72","Cell 72",2
"73","Cell 73",3
"74","Cell 74",1
"75","Cell 75",2
"76","Cell 76",3
"77","Cell 77",3
"78","Cell 78",3
"79","Cell 79",2
"80","Cell 80",1
"81","Cell 81",2
"82","Cell 82",1
"83","Cell 83",2
"84","Cell 84",2
"85","Cell 85",2
"86","Cell 86",2
"87","Cell 87",1
"88","Cell 88",3
"89","Cell 89",1
"90","Cell 90",3
"91","Cell 91",2
"92","Cell 92",3
"93","Cell 93",3
"94","Cell 94",3
"95","Cell 95",3
"96","Cell 96",1
"97","Cell 97",3
"98","Cell 98",3
"99","Cell 99",3
"100","Cell 100",3
"101","Cell 101",3
"102","Cell 102",3
"103","Cell 103",3
"104","Cell 104",2
"105","Cell 105",1
"106","Cell 106",3
"107","Cell 107",3
"108","Cell 108",3
"109","Cell 109",3
"110","Cell 110",3
"111","Cell 111",1
"112","Cell 112",3
"113","Cell 113",1
"114","Cell 114",1
"115","Cell 115",1
"116","Cell 116",2
"117","Cell 117",1
"118","Cell 118",2
"119","Cell 119",2
"120","Cell 120",2
"121","Cell 121",1
"122","Cell 122",2
"123","Cell 123",3
"124","Cell 124",1
"125","Cell 125",2
"126","Cell 126",1
"127","Cell 127",1
"128","Cell 128",2
"129","Cell 129",3
"130","Cell 130",1
"131","Cell 131",3
"132","Cell 132",2
"133","Cell 133",3
"134","Cell 134",1
"135","Cell 135",2
"136","Cell 136",2
"137","Cell 137",3
"138","Cell 138",3
"139","Cell 139",2
"140","Cell 140",1
"141","Cell 141",1
"142","Cell 142",2
"143","Cell 143",3
"144","Cell 144",1
"145","Cell 145",1
"146","Cell 146",3
"147","Cell 147",2
"148","Cell 148",2
"149","Cell 149",1
"150","Cell 150",2
"151","Cell 151",3
"152","Cell 152",1
"153","Cell 153",2
"154","Cell 154",2
"155","Cell 155",3
"156","Cell 156",2
"157","Cell 157",2
"158","Cell 158",3
"159","Cell 159",2
"160","Cell 160",2
"161","Cell 161",1
"162","Cell 162",2
"163","Cell 163",3
"164","Cell 164",3
"165","Cell 165",3
"166","Cell 166",2
"167","Cell 167",3
"168","Cell 168",3
"169","Cell 169",1
"170","Cell 170",3
"171","Cell 171",3
"172","Cell 172",2
"173","Cell 173",3
"174","Cell 174",3
"175","Cell 175",3
"176","Cell 176",1
"177","Cell 177",3
"178","Cell 178",1
"179","Cell 179",3
"180","Cell 180",2
"181","Cell 181",3
"182","Cell 182",1
"183","Cell 183",1
"184","Cell 184",3
"185","Cell 185",3
"186","Cell 186",3
"187","Cell 187",2
"188","Cell 188",3
"189","Cell 189",2
"190","Cell 190",1
"191","Cell 191",3
"192","Cell 192",1
"193","Cell 193",3
"194","Cell 194",3
"195","Cell 195",3
"196","Cell 196",2
"197","Cell 197",3
"198","Cell 198",3
"199","Cell 199",2
"200","Cell 200",3
"201","Cell 201",3
"202","Cell 202",3
"203","Cell 203",3
"204","Cell 204",3
"205","Cell 205",3
"206","Cell 206",1
"207","Cell 207",3
"208","Cell 208",1
"209","Cell 209",1
"210","Cell 210",2
"211","Cell 211",3
"212","Cell 212",1
"213","Cell 213",2
"214","Cell 214",1
"215","Cell 215",3
"216","Cell 216",1
"217","Cell 217",3
"218","Cell 218",3
"219","Cell 219",3
"220","Cell 220",3
"221","Cell 221",3
"222","Cell 222",1
"223","Cell 223",2
"224","Cell 224",2
"225","Cell 225",2
"226","Cell 226",3
"227","Cell 227",3
"228","Cell 228",1
"229","Cell 229",2
"230","Cell 230",2
"231","Cell 231",3
"232","Cell 232",3
"233","Cell 233",3
"234","Cell 234",3
"235","Cell 235",1
"236","Cell 236",2
"237","Cell 237",3
"238","Cell 238",3
"239","Cell 239",3
"240","Cell 240",1
"241","Cell 241",3
"242","Cell 242",2
"243","Cell 243",2
"244","Cell 244",2
"245","Cell 245",2
"246","Cell 246",3
"247","Cell 247",3
"248","Cell 248",1
"249","Cell 249",3
"250","Cell 250",2
"251","Cell 251",1
"252","Cell 252",3
"253","Cell 253",2
"254","Cell 254",3
"255","Cell 255",2
"256","Cell 256",2
"257","Cell 257",3
"258","Cell 258",1
"259","Cell 259",3
"260","Cell 260",3
"261","Cell 261",3
"262","Cell 262",3
"263","Cell 263",1
"264","Cell 264",1
"265","Cell 265",3
"266","Cell 266",1
"267","Cell 267",1
"268","Cell 268",1
"269","Cell 269",3
"270","Cell 270",1
"271","Cell 271",2
"272","Cell 272",3
"273","Cell 273",1
"274","Cell 274",2
"275","Cell 275",1
"276","Cell 276",3
"277","Cell 277",1
"278","Cell 278",3
"279","Cell 279",1
"280","Cell 280",3
"281","Cell 281",1
"282","Cell 282",3
"283","Cell 283",2
"284","Cell 284",3
"285","Cell 285",1
"286","Cell 286",2
"287","Cell 287",3
"288","Cell 288",2
"289","Cell 289",2
"290","Cell 290",3
"291","Cell 291",3
"292","Cell 292",1
"293","Cell 293",3
"294","Cell 294",3
"295","Cell 295",3
"296","Cell 296",1
"297","Cell 297",3
"298","Cell 298",2
"299","Cell 299",3
"300","Cell 300",3
"301","Cell 301",1
"302","Cell 302",3
"303","Cell 303",3
"304","Cell 304",3
"305","Cell 305",2
"306","Cell 306",3
"307","Cell 307",1
"308","Cell 308",3
"309","Cell 309",3
"310","Cell 310",3
"311","Cell 311",3
"312","Cell 312",2
"313","Cell 313",3
"314","Cell 314",3
"315","Cell 315",3
"316","Cell 316",3
"317","Cell 317",1
"318","Cell 318",2
"319","Cell 319",2
"320","Cell 320",3
"321","Cell 321",3
"322","Cell 322",1
"323","Cell 323",3
"324","Cell 324",2
"325","Cell 325",3
"326","Cell 326",3
"327","Cell 327",2
"328","Cell 328",3
"329","Cell 329",1
"330","Cell 330",1
"331","Cell 331",1
"332","Cell 332",2
"333","Cell 333",3
"334","Cell 334",3
"335","Cell 335",1
"336","Cell 336",1
"337","Cell 337",3
"338","Cell 338",3
"339","Cell 339",1
"340","Cell 340",3
"341","Cell 341",1
"342","Cell 342",1
"343","Cell 343",3
"344","Cell 344",3
"345","Cell 345",2
"346","Cell 346",3
"347","Cell 347",2
"348","Cell 348",3
"349","Cell 349",1
"350","Cell 350",3
"351","Cell 351",3
"352","Cell 352",3
"353","Cell 353",2
"354","Cell 354",2
"355","Cell 355",1
"356","Cell 356",3
"357","Cell 357",2
"358","Cell 358",1
"359","Cell 359",2
"360","Cell 360",2
"361","Cell 361",1
"362","Cell 362",3
"363","Cell 363",2
"364","Cell 364",1
"365","Cell 365",1
"366","Cell 366",3
"367","Cell 367",3
"368","Cell 368",3
"369","Cell 369",2
"370","Cell 370",3
"371","Cell 371",3
"372","Cell 372",1
"373","Cell 373",1
"374","Cell 374",3
"375","Cell 375",1
"376","Cell 376",3
"377","Cell 377",1
"378","Cell 378",3
"379","Cell 379",3
"380","Cell 380",3
"381","Cell 381",3
"382","Cell 382",2
"383","Cell 383",2
"384","Cell 384",3
"385","Cell 385",1
"386","Cell 386",2
"387","Cell 387",2
"388","Cell 388",2
"389","Cell 389",3
"390","Cell 390",3
"391","Cell 391",3
"392","Cell 392",3
"393","Cell 393",1
"394","Cell 394",1
"395","Cell 395",2
"396","Cell 396",3
"397","Cell 397",1
"398","Cell 398",3
"399","Cell 399",3
"400","Cell 400",3
"401","Cell 401",2
"402","Cell 402",1
"403","Cell 403",1
"404","Cell 404",1
"405","Cell 405",3
"406","Cell 406",2
"407","Cell 407",3
"408","Cell 408",1
"409","Cell 409",1
"410","Cell 410",3
"411","Cell 411",1
"412","Cell 412",1
"413","Cell 413",1
"414","Cell 414",2
"415","Cell 415",3
"416","Cell 416",3
"417","Cell 417",3
"418","Cell 418",1
"419","Cell 419",2
"420","Cell 420",1
"421","Cell 421",3
"422","Cell 422",2
"423","Cell 423",3
"424","Cell 424",3
"425","Cell 425",3
"426","Cell 426",3
"427","Cell 427",3
"428","Cell 428",2
"429","Cell 429",3
"430","Cell 430",2
"431","Cell 431",1
"432","Cell 432",1
"433","Cell 433",1
"434","Cell 434",1
"435","Cell 435",2
"436","Cell 436",3
"437","Cell 437",2
"438","Cell 438",1
"439","Cell 439",3
"440","Cell 440",3
"441","Cell 441",1
"442","Cell 442",1
"443","Cell 443",1
"444","Cell 444",3
"445","Cell 445",1
"446","Cell 446",3
"447","Cell 447",3
"448","Cell 448",3
"449","Cell 449",1
"450","Cell 450",3
"451","Cell 451",3
"452","Cell 452",1
"453","Cell 453",1
"454","Cell 454",1
"455","Cell 455",1
"456","Cell 456",3
"457","Cell 457",3
"458","Cell 458",1
"459","Cell 459",2
"460","Cell 460",3
"461","Cell 461",3
"462","Cell 462",1
"463","Cell 463",2
"464","Cell 464",3
"465","Cell 465",3
"466","Cell 466",3
"467","Cell 467",3
"468","Cell 468",3
"469","Cell 469",1
"470","Cell 470",1
"471","Cell 471",3
"472","Cell 472",3
"473","Cell 473",1
"474","Cell 474",1
"475","Cell 475",2
"476","Cell 476",3
"477","Cell 477",3
"478","Cell 478",3
"479","Cell 479",2
"480","Cell 480",1
"481","Cell 481",3
"482","Cell 482",3
"483","Cell 483",1
"484","Cell 484",1
"485","Cell 485",3
"486","Cell 486",1
"487","Cell 487",3
"488","Cell 488",3
"489","Cell 489",2
"490","Cell 490",3
"491","Cell 491",3
"492","Cell 492",3
"493","Cell 493",3
"494","Cell 494",3
"495","Cell 495",1
"496","Cell 496",3
"497","Cell 497",3
"498","Cell 498",2
"499","Cell 499",1
"500","Cell 500",3
"501","Cell 501",2
"502","Cell 502",2
"503","Cell 503",3
"504","Cell 504",3
"505","Cell 505",3
"506","Cell 506",1
"507","Cell 507",2
"508","Cell 508",1
"509","Cell 509",2
"510","Cell 510",2
"511","Cell 511",1
"512","Cell 512",2
"513","Cell 513",2
"514","Cell 514",1
"515","Cell 515",2
"516","Cell 516",3
"517","Cell 517",1
"518","Cell 518",3
"519","Cell 519",1
"520","Cell 520",3
"521","Cell 521",2
"522","Cell 522",3
"523","Cell 523",3
"524","Cell 524",1
"525","Cell 525",3
"526","Cell 526",3
"527","Cell 527",3
"528","Cell 528",3
"529","Cell 529",3
"530","Cell 530",3
"531","Cell 531",3
"532","Cell 532",3
"533","Cell 533",1
"534","Cell 534",3
"535","Cell 535",2
"536","Cell 536",1
"537","Cell 537",1
"538","Cell 538",3
"539","Cell 539",3
"540","Cell 540",3
"541","Cell 541",1
"542","Cell 542",3
"543","Cell 543",2
"544","Cell 544",3
"545","Cell 545",3
"546","Cell 546",1
"547","Cell 547",3
"548","Cell 548",3
"549","Cell 549",3
"550","Cell 550",2
"551","Cell 551",2
"552","Cell 552",2
"553","Cell 553",3
"554","Cell 554",1
"555","Cell 555",3
"556","Cell 556",3
"557","Cell 557",1
"558","Cell 558",2
"559","Cell 559",3
"560","Cell 560",3
"561","Cell 561",2
"562","Cell 562",3
"563","Cell 563",3
"564","Cell 564",3
"565","Cell 565",1
"566","Cell 566",3
"567","Cell 567",3
"568","Cell 568",3
"569","Cell 569",3
"570","Cell 570",3
"571","Cell 571",3
"572","Cell 572",2
"573","Cell 573",1
"574","Cell 574",3
"575","Cell 575",2
"576","Cell 576",3
"577","Cell 577",3
"578","Cell 578",1
"579","Cell 579",3
"580","Cell 580",2
"581","Cell 581",2
"582","Cell 582",2
"583","Cell 583",3
"584","Cell 584",3
"585","Cell 585",3
"586","Cell 586",2
"587","Cell 587",2
"588","Cell 588",3
"589","Cell 589",3
"590","Cell 590",3
"591","Cell 591",2
"592","Cell 592",3
"593","Cell 593",1
"594","Cell 594",3
"595","Cell 595",3
"596","Cell 596",2
"597","Cell 597",3
"598","Cell 598",2
"599","Cell 599",3
"600","Cell 600",2
"601","Cell 601",3
"602","Cell 602",2
"603","Cell 603",3
"604","Cell 604",3
"605","Cell 605",3
"606","Cell 606",3
"607","Cell 607",1
"608","Cell 608",2
"609","Cell 609",1
"610","Cell 610",2
"611","Cell 611",1
"612","Cell 612",2
"613","Cell 613",1
"614","Cell 614",3
"615","Cell 615",3
"616","Cell 616",1
"617","Cell 617",3
"618","Cell 618",1
"619","Cell 619",3
"620","Cell 620",3
"621","Cell 621",3
"622","Cell 622",3
"623","Cell 623",2
"624","Cell 624",2
"625","Cell 625",3
"626","Cell 626",1
"627","Cell 627",3
"628","Cell 628",3
"629","Cell 629",1
"630","Cell 630",1
"631","Cell 631",3
"632","Cell 632",3
"633","Cell 633",1
"634","Cell 634",3
"635","Cell 635",2
"636","Cell 636",3
"637","Cell 637",3
"638","Cell 638",3
"639","Cell 639",1
"640","Cell 640",3
"641","Cell 641",2
"642","Cell 642",3
"643","Cell 643",3
"644","Cell 644",2
"645","Cell 645",3
"646","Cell 646",1
"647","Cell 647",3
"648","Cell 648",2
"649","Cell 649",3
"650","Cell 650",3
"651","Cell 651",1
"652","Cell 652",2
"653","Cell 653",3
"654","Cell 654",3
"655","Cell 655",3
"656","Cell 656",2
"657","Cell 657",2
"658","Cell 658",3
"659","Cell 659",3
"660","Cell 660",2
"661","Cell 661",3
"662","Cell 662",1
"663","Cell 663",3
"664","Cell 664",3
"665","Cell 665",3
"666","Cell 666",2
"667","Cell 667",2
"668","Cell 668",1
"669","Cell 669",1
"670","Cell 670",3
"671","Cell 671",3
"672","Cell 672",2
"673","Cell 673",3
"674","Cell 674",3
"675","Cell 675",3
"676","Cell 676",1
"677","Cell 677",3
"678","Cell 678",3
"679","Cell 679",3
"680","Cell 680",3
"681","Cell 681",3
"682","Cell 682",3
"683","Cell 683",2
"684","Cell 684",1
"685","Cell 685",3
"686","Cell 686",1
"687","Cell 687",1
"688","Cell 688",3
"689","Cell 689",3
"690","Cell 690",3
"691","Cell 691",2
"692","Cell 692",3
"693","Cell 693",1
"694","Cell 694",3
"695","Cell 695",2
"696","Cell 696",2
"697","Cell 697",2
"698","Cell 698",1
"699","Cell 699",3
"700","Cell 700",3
"701","Cell 701",3
"702","Cell 702",2
"703","Cell 703",3
"704","Cell 704",1
"705","Cell 705",2
"706","Cell 706",3
"707","Cell 707",3
"708","Cell 708",1
"709","Cell 709",1
"710","Cell 710",3
"711","Cell 711",1
"712","Cell 712",3
"713","Cell 713",2
"714","Cell 714",3
"715","Cell 715",3
"716","Cell 716",3
"717","Cell 717",3
"718","Cell 718",2
"719","Cell 719",3
"720","Cell 720",2
"721","Cell 721",1
"722","Cell 722",3
"723","Cell 723",3
"724","Cell 724",2
"725","Cell 725",1
"726","Cell 726",1
"727","Cell 727",1
"728","Cell 728",1
"729","Cell 729",1
"730","Cell 730",3
"731","Cell 731",1
"732","Cell 732",1
"733","Cell 733",3
"734","Cell 734",3
"735","Cell 735",3
"736","Cell 736",3
"737","Cell 737",3
"738","Cell 738",1
"739","Cell 739",1
"740","Cell 740",3
"741","Cell 741",1
"742","Cell 742",3
"743","Cell 743",2
"744","Cell 744",1
"745","Cell 745",3
"746","Cell 746",2
"747","Cell 747",3
"748","Cell 748",2
"749","Cell 749",2
"750","Cell 750",3
"751","Cell 751",3
"752","Cell 752",3
"753","Cell 753",3
"754","Cell 754",1
"755","Cell 755",1
"756","Cell 756",3
"757","Cell 757",2
"758","Cell 758",2
"759","Cell 759",3
"760","Cell 760",2
"761","Cell 761",3
"762","Cell 762",2
"763","Cell 763",1
"764","Cell 764",1
"765","Cell 765",2
"766","Cell 766",1
"767","Cell 767",3
"768","Cell 768",3
"769","Cell 769",1
"770","Cell 770",2
"771","Cell 771",3
"772","Cell 772",3
"773","Cell 773",2
"774","Cell 774",1
"775","Cell 775",1
"776","Cell 776",3
"777","Cell 777",1
"778","Cell 778",2
"779","Cell 779",3
"780","Cell 780",3
"781","Cell 781",1
"782","Cell 782",3
"783","Cell 783",3
"784","Cell 784",1
"785","Cell 785",1
"786","Cell 786",2
"787","Cell 787",3
"788","Cell 788",1
"789","Cell 789",3
"790","Cell 790",3
"791","Cell 791",3
"792","Cell 792",3
"793","Cell 793",2
"794","Cell 794",1
"795","Cell 795",2
"796","Cell 796",3
"797","Cell 797",3
"798","Cell 798",3
"799","Cell 799",1
"800","Cell 800",3
"801","Cell 801",3
"802","Cell 802",3
"803","Cell 803",1
"804","Cell 804",3
"805","Cell 805",3
"806","Cell 806",3
"807","Cell 807",2
"808","Cell 808",3
"809","Cell 809",3
"810","Cell 810",2
"811","Cell 811",3
"812","Cell 812",3
"813","Cell 813",1
"814","Cell 814",3
"815","Cell 815",3
"816","Cell 816",2
"817","Cell 817",2
"818","Cell 818",3
"819","Cell 819",3
"820","Cell 820",3
"821","Cell 821",1
"822","Cell 822",3
"823","Cell 823",3
"824","Cell 824",3
"825","Cell 825",3
"826","Cell 826",3
"827","Cell 827",3
"828","Cell 828",1
"829","Cell 829",3
"830","Cell 830",3
"831","Cell 831",3
"832","Cell 832",3
"833","Cell 833",3
"834","Cell 834",3
"835","Cell 835",3
"836","Cell 836",3
"837","Cell 837",3
"838","Cell 838",2
"839","Cell 839",3
"840","Cell 840",1
"841","Cell 841",2
"842","Cell 842",3
"843","Cell 843",2
"844","Cell 844",3
"845","Cell 845",1
"846","Cell 846",3
"847","Cell 847",1
"848","Cell 848",1
"849","Cell 849",3
"850","Cell 850",3
"851","Cell 851",1
"852","Cell 852",2
"853","Cell 853",3
"854","Cell 854",3
"855","Cell 855",2
"856","Cell 856",2
"857","Cell 857",1
"858","Cell 858",1
"859","Cell 859",3
"860","Cell 860",2
"861","Cell 861",3
"862","Cell 862",3
"863","Cell 863",3
"864","Cell 864",2
"865","Cell 865",2
"866","Cell 866",2
"867","Cell 867",2
"868","Cell 868",1
"869","Cell 869",3
"870","Cell 870",1
"871","Cell 871",3
"872","Cell 872",2
"873","Cell 873",1
"874","Cell 874",3
"875","Cell 875",1
"876","Cell 876",3
"877","Cell 877",3
"878","Cell 878",1
"879","Cell 879",3
"880","Cell 880",3
"881","Cell 881",3
"882","Cell 882",1
"883","Cell 883",3
"884","Cell 884",2
"885","Cell 885",3
"886","Cell 886",1
"887","Cell 887",3
"888","Cell 888",1
"889","Cell 889",3
"890","Cell 890",1
"891","Cell 891",3
"892","Cell 892",3
"893","Cell 893",3
"894","Cell 894",1
"895","Cell 895",2
"896","Cell 896",3
"897","Cell 897",3
"898","Cell 898",3
"899","Cell 899",3
"900","Cell 900",3
"901","Cell 901",3
"902","Cell 902",3
"903","Cell 903",2
"904","Cell 904",2
"905","Cell 905",1
"906","Cell 906",3
"907","Cell 907",3
"908","Cell 908",1
"909","Cell 909",3
"910","Cell 910",3
"911","Cell 911",2
"912","Cell 912",3
"913","Cell 913",3
"914","Cell 914",3
"915","Cell 915",2
"916","Cell 916",2
"917","Cell 917",1
"918","Cell 918",2
"919","Cell 919",3
"920","Cell 920",1
"921","Cell 921",3
"922","Cell 922",1
"923","Cell 923",3
"924","Cell 924",1
"925","Cell 925",3
"926","Cell 926",3
"927","Cell 927",1
"928","Cell 928",3
"929","Cell 929",3
"930","Cell 930",3
"931","Cell 931",3
"932","Cell 932",2
"933","Cell 933",3
"934","Cell 934",1
"935","Cell 935",2
"936","Cell 936",3
"937","Cell 937",3
"938","Cell 938",1
"939","Cell 939",3
"940","Cell 940",3
"941","Cell 941",1
"942","Cell 942",3
"943","Cell 943",3
"944","Cell 944",3
"945","Cell 945",2
"946","Cell 946",2
"947","Cell 947",3
"948","Cell 948",3
"949","Cell 949",3
"950","Cell 950",1
"951","Cell 951",3
"952","Cell 952",1
"953","Cell 953",2
"954","Cell 954",1
"955","Cell 955",2
"956","Cell 956",3
"957","Cell 957",1
"958","Cell 958",3
"959","Cell 959",3
"960","Cell 960",1
"961","Cell 961",3
"962","Cell 962",2
"963","Cell 963",2
"964","Cell 964",3
"965","Cell 965",3
"966","Cell 966",3
"967","Cell 967",3
"968","Cell 968",1
"969","Cell 969",3
"970","Cell 970",2
"971","Cell 971",1
"972","Cell 972",2
"973","Cell 973",3
"974","Cell 974",2
"975","Cell 975",1
"976","Cell 976",3
"977","Cell 977",1
"978","Cell 978",3
"979","Cell 979",1
"980","Cell 980",2
"981","Cell 981",3
"982","Cell 982",3
"983","Cell 983",2
"984","Cell 984",1
"985","Cell 985",1
"986","Cell 986",3
"987","Cell 987",2
"988","Cell 988",1
"989","Cell 989",1
"990","Cell 990",3
"991","Cell 991",2
"992","Cell 992",2
"993","Cell 993",3
"994","Cell 994",3
"995","Cell 995",2
"996","Cell 996",3
"997","Cell 997",3
"998","Cell 998",3
"999","Cell 999",3
"1000","Cell 1000",2
